job_id,worker_wallet,amount_field,old_tx_signature,dry_sig,checked_at
186b783b,5mEvgLUE2MvNTSr9mGRo6zvL2M2Jng132sDCP4411FHZ,0.001,SIM-186b783b-1768895122,SIM-186b783b-1768914262,2026-01-20T13:04:22.716404
55aeffc7,5mEvgLUE2MvNTSr9mGRo6zvL2M2Jng132sDCP4411FHZ,0.001,SIM-55aeffc7-1768895122,SIM-55aeffc7-1768914262,2026-01-20T13:04:22.716574
042ecf69,5mEvgLUE2MvNTSr9mGRo6zvL2M2Jng132sDCP4411FHZ,0.001,SIM-042ecf69-1768895122,SIM-042ecf69-1768914262,2026-01-20T13:04:22.716703
ebc8ce34,5mEvgLUE2MvNTSr9mGRo6zvL2M2Jng132sDCP4411FHZ,0.001,SIM-ebc8ce34-1768895122,SIM-ebc8ce34-1768914262,2026-01-20T13:04:22.716822
4916373c,5mEvgLUE2MvNTSr9mGRo6zvL2M2Jng132sDCP4411FHZ,0.001,SIM-4916373c-1768895122,SIM-4916373c-1768914262,2026-01-20T13:04:22.716936
73172ad3,5mEvgLUE2MvNTSr9mGRo6zvL2M2Jng132sDCP4411FHZ,0.001,SIM-73172ad3-1768895122,SIM-73172ad3-1768914262,2026-01-20T13:04:22.717045
9da30cd7,5mEvgLUE2MvNTSr9mGRo6zvL2M2Jng132sDCP4411FHZ,0.001,SIM-9da30cd7-1768895122,SIM-9da30cd7-1768914262,2026-01-20T13:04:22.717149
e19ad5bf,5mEvgLUE2MvNTSr9mGRo6zvL2M2Jng132sDCP4411FHZ,0.001,SIM-e19ad5bf-1768895122,SIM-e19ad5bf-1768914262,2026-01-20T13:04:22.717322
d1348a75,5mEvgLUE2MvNTSr9mGRo6zvL2M2Jng132sDCP4411FHZ,0.001,SIM-d1348a75-1768895122,SIM-d1348a75-1768914262,2026-01-20T13:04:22.717438
e0dca759,5mEvgLUE2MvNTSr9mGRo6zvL2M2Jng132sDCP4411FHZ,0.001,SIM-e0dca759-1768895122,SIM-e0dca759-1768914262,2026-01-20T13:04:22.717544
fbb32637,5mEvgLUE2MvNTSr9mGRo6zvL2M2Jng132sDCP4411FHZ,0.001,SIM-fbb32637-1768895122,SIM-fbb32637-1768914262,2026-01-20T13:04:22.717649
73e4b650,5mEvgLUE2MvNTSr9mGRo6zvL2M2Jng132sDCP4411FHZ,0.001,SIM-73e4b650-1768895122,SIM-73e4b650-1768914262,2026-01-20T13:04:22.717749
e24d775b,5mEvgLUE2MvNTSr9mGRo6zvL2M2Jng132sDCP4411FHZ,0.001,SIM-e24d775b-1768895122,SIM-e24d775b-1768914262,2026-01-20T13:04:22.717845
26b93ed5,5mEvgLUE2MvNTSr9mGRo6zvL2M2Jng132sDCP4411FHZ,0.001,SIM-26b93ed5-1768895122,SIM-26b93ed5-1768914262,2026-01-20T13:04:22.717944
ce705853,5mEvgLUE2MvNTSr9mGRo6zvL2M2Jng132sDCP4411FHZ,0.001,SIM-ce705853-1768895122,SIM-ce705853-1768914262,2026-01-20T13:04:22.718040
43405794,5mEvgLUE2MvNTSr9mGRo6zvL2M2Jng132sDCP4411FHZ,0.001,SIM-43405794-1768895122,SIM-43405794-1768914262,2026-01-20T13:04:22.718137
d946e228,5mEvgLUE2MvNTSr9mGRo6zvL2M2Jng132sDCP4411FHZ,0.001,SIM-d946e228-1768895122,SIM-d946e228-1768914262,2026-01-20T13:04:22.718232
45ad507f,5mEvgLUE2MvNTSr9mGRo6zvL2M2Jng132sDCP4411FHZ,0.001,SIM-45ad507f-1768895122,SIM-45ad507f-1768914262,2026-01-20T13:04:22.718328
9d4bcd4e,5mEvgLUE2MvNTSr9mGRo6zvL2M2Jng132sDCP4411FHZ,0.001,SIM-9d4bcd4e-1768895122,SIM-9d4bcd4e-1768914262,2026-01-20T13:04:22.718423
7b627d98,5mEvgLUE2MvNTSr9mGRo6zvL2M2Jng132sDCP4411FHZ,0.001,SIM-7b627d98-1768895122,SIM-7b627d98-1768914262,2026-01-20T13:04:22.718518
96f501cf,5mEvgLUE2MvNTSr9mGRo6zvL2M2Jng132sDCP4411FHZ,0.001,SIM-96f501cf-1768895122,SIM-96f501cf-1768914262,2026-01-20T13:04:22.718613
84bea92e,5mEvgLUE2MvNTSr9mGRo6zvL2M2Jng132sDCP4411FHZ,0.001,SIM-84bea92e-1768895122,SIM-84bea92e-1768914262,2026-01-20T13:04:22.718708
d7361e32,5mEvgLUE2MvNTSr9mGRo6zvL2M2Jng132sDCP4411FHZ,0.001,SIM-d7361e32-1768895122,SIM-d7361e32-1768914262,2026-01-20T13:04:22.718803
2618b0c2,5mEvgLUE2MvNTSr9mGRo6zvL2M2Jng132sDCP4411FHZ,0.001,SIM-2618b0c2-1768895122,SIM-2618b0c2-1768914262,2026-01-20T13:04:22.718896
531435ef,5mEvgLUE2MvNTSr9mGRo6zvL2M2Jng132sDCP4411FHZ,0.001,SIM-531435ef-1768895122,SIM-531435ef-1768914262,2026-01-20T13:04:22.718993
c40cc101,5mEvgLUE2MvNTSr9mGRo6zvL2M2Jng132sDCP4411FHZ,0.001,SIM-c40cc101-1768895122,SIM-c40cc101-1768914262,2026-01-20T13:04:22.719092
a025bf5a,5mEvgLUE2MvNTSr9mGRo6zvL2M2Jng132sDCP4411FHZ,0.001,SIM-a025bf5a-1768895121,SIM-a025bf5a-1768914262,2026-01-20T13:04:22.719187
cb2afa06,5mEvgLUE2MvNTSr9mGRo6zvL2M2Jng132sDCP4411FHZ,0.001,SIM-cb2afa06-1768895121,SIM-cb2afa06-1768914262,2026-01-20T13:04:22.719280
ee500399,5mEvgLUE2MvNTSr9mGRo6zvL2M2Jng132sDCP4411FHZ,0.001,SIM-ee500399-1768895121,SIM-ee500399-1768914262,2026-01-20T13:04:22.719375
d5a406a4,5mEvgLUE2MvNTSr9mGRo6zvL2M2Jng132sDCP4411FHZ,0.001,SIM-d5a406a4-1768895121,SIM-d5a406a4-1768914262,2026-01-20T13:04:22.719469
60ca94ab,5mEvgLUE2MvNTSr9mGRo6zvL2M2Jng132sDCP4411FHZ,0.001,SIM-60ca94ab-1768895121,SIM-60ca94ab-1768914262,2026-01-20T13:04:22.719561
edc21008,5mEvgLUE2MvNTSr9mGRo6zvL2M2Jng132sDCP4411FHZ,0.001,SIM-edc21008-1768895121,SIM-edc21008-1768914262,2026-01-20T13:04:22.719654
c932140f,5mEvgLUE2MvNTSr9mGRo6zvL2M2Jng132sDCP4411FHZ,0.001,SIM-c932140f-1768895121,SIM-c932140f-1768914262,2026-01-20T13:04:22.719776
bf88e123,5mEvgLUE2MvNTSr9mGRo6zvL2M2Jng132sDCP4411FHZ,0.001,SIM-bf88e123-1768895121,SIM-bf88e123-1768914262,2026-01-20T13:04:22.719879
e323c44d,5mEvgLUE2MvNTSr9mGRo6zvL2M2Jng132sDCP4411FHZ,0.001,SIM-e323c44d-1768895121,SIM-e323c44d-1768914262,2026-01-20T13:04:22.719976
ffb15927,5mEvgLUE2MvNTSr9mGRo6zvL2M2Jng132sDCP4411FHZ,0.001,SIM-ffb15927-1768895121,SIM-ffb15927-1768914262,2026-01-20T13:04:22.720072
38d5433b,5mEvgLUE2MvNTSr9mGRo6zvL2M2Jng132sDCP4411FHZ,0.001,SIM-38d5433b-1768895121,SIM-38d5433b-1768914262,2026-01-20T13:04:22.720168
e35243e7,5mEvgLUE2MvNTSr9mGRo6zvL2M2Jng132sDCP4411FHZ,0.001,SIM-e35243e7-1768895121,SIM-e35243e7-1768914262,2026-01-20T13:04:22.720263
dbe7e311,5mEvgLUE2MvNTSr9mGRo6zvL2M2Jng132sDCP4411FHZ,0.001,SIM-dbe7e311-1768895121,SIM-dbe7e311-1768914262,2026-01-20T13:04:22.720357
6a61ffb4,5mEvgLUE2MvNTSr9mGRo6zvL2M2Jng132sDCP4411FHZ,0.001,SIM-6a61ffb4-1768895121,SIM-6a61ffb4-1768914262,2026-01-20T13:04:22.720449
cedbda0a,5mEvgLUE2MvNTSr9mGRo6zvL2M2Jng132sDCP4411FHZ,0.001,SIM-cedbda0a-1768895121,SIM-cedbda0a-1768914262,2026-01-20T13:04:22.720545
8aa5350b,5mEvgLUE2MvNTSr9mGRo6zvL2M2Jng132sDCP4411FHZ,0.001,SIM-8aa5350b-1768895121,SIM-8aa5350b-1768914262,2026-01-20T13:04:22.720639
90b611e3,5mEvgLUE2MvNTSr9mGRo6zvL2M2Jng132sDCP4411FHZ,0.001,SIM-90b611e3-1768895121,SIM-90b611e3-1768914262,2026-01-20T13:04:22.720733
0ae6f60a,5mEvgLUE2MvNTSr9mGRo6zvL2M2Jng132sDCP4411FHZ,0.001,SIM-0ae6f60a-1768895121,SIM-0ae6f60a-1768914262,2026-01-20T13:04:22.720830
9aa86d60,5mEvgLUE2MvNTSr9mGRo6zvL2M2Jng132sDCP4411FHZ,0.001,SIM-9aa86d60-1768895121,SIM-9aa86d60-1768914262,2026-01-20T13:04:22.720925
6b98be88,5mEvgLUE2MvNTSr9mGRo6zvL2M2Jng132sDCP4411FHZ,0.001,SIM-6b98be88-1768895121,SIM-6b98be88-1768914262,2026-01-20T13:04:22.721017
65e6406c,5mEvgLUE2MvNTSr9mGRo6zvL2M2Jng132sDCP4411FHZ,0.001,SIM-65e6406c-1768895121,SIM-65e6406c-1768914262,2026-01-20T13:04:22.721111
76b29952,5mEvgLUE2MvNTSr9mGRo6zvL2M2Jng132sDCP4411FHZ,0.001,SIM-76b29952-1768895121,SIM-76b29952-1768914262,2026-01-20T13:04:22.721223
395ea2d6,5mEvgLUE2MvNTSr9mGRo6zvL2M2Jng132sDCP4411FHZ,0.001,SIM-395ea2d6-1768895121,SIM-395ea2d6-1768914262,2026-01-20T13:04:22.721350
9385047e,5mEvgLUE2MvNTSr9mGRo6zvL2M2Jng132sDCP4411FHZ,0.001,SIM-9385047e-1768895121,SIM-9385047e-1768914262,2026-01-20T13:04:22.721454
dd401d28,5mEvgLUE2MvNTSr9mGRo6zvL2M2Jng132sDCP4411FHZ,0.001,SIM-dd401d28-1768895121,SIM-dd401d28-1768914262,2026-01-20T13:04:22.721550
24db0340,5mEvgLUE2MvNTSr9mGRo6zvL2M2Jng132sDCP4411FHZ,0.001,SIM-24db0340-1768895121,SIM-24db0340-1768914262,2026-01-20T13:04:22.721647
16c90141,5mEvgLUE2MvNTSr9mGRo6zvL2M2Jng132sDCP4411FHZ,0.001,SIM-16c90141-1768895121,SIM-16c90141-1768914262,2026-01-20T13:04:22.721747
958fe3b8,5mEvgLUE2MvNTSr9mGRo6zvL2M2Jng132sDCP4411FHZ,0.001,SIM-958fe3b8-1768895121,SIM-958fe3b8-1768914262,2026-01-20T13:04:22.721845
5b5a3830,5mEvgLUE2MvNTSr9mGRo6zvL2M2Jng132sDCP4411FHZ,0.001,SIM-5b5a3830-1768895121,SIM-5b5a3830-1768914262,2026-01-20T13:04:22.721943
2741edd4,5mEvgLUE2MvNTSr9mGRo6zvL2M2Jng132sDCP4411FHZ,0.001,SIM-2741edd4-1768895121,SIM-2741edd4-1768914262,2026-01-20T13:04:22.722040
2f9134f2,5mEvgLUE2MvNTSr9mGRo6zvL2M2Jng132sDCP4411FHZ,0.001,SIM-2f9134f2-1768895121,SIM-2f9134f2-1768914262,2026-01-20T13:04:22.722135
ca8b9aca,5mEvgLUE2MvNTSr9mGRo6zvL2M2Jng132sDCP4411FHZ,0.001,SIM-ca8b9aca-1768895121,SIM-ca8b9aca-1768914262,2026-01-20T13:04:22.722251
34f13a78,5mEvgLUE2MvNTSr9mGRo6zvL2M2Jng132sDCP4411FHZ,0.001,SIM-34f13a78-1768895121,SIM-34f13a78-1768914262,2026-01-20T13:04:22.722354
92658c84,5mEvgLUE2MvNTSr9mGRo6zvL2M2Jng132sDCP4411FHZ,0.001,SIM-92658c84-1768895121,SIM-92658c84-1768914262,2026-01-20T13:04:22.722452
c4da441c,5mEvgLUE2MvNTSr9mGRo6zvL2M2Jng132sDCP4411FHZ,0.001,SIM-c4da441c-1768895121,SIM-c4da441c-1768914262,2026-01-20T13:04:22.722623
31ab7f82,5mEvgLUE2MvNTSr9mGRo6zvL2M2Jng132sDCP4411FHZ,0.001,SIM-31ab7f82-1768895121,SIM-31ab7f82-1768914262,2026-01-20T13:04:22.722724
5f355854,5mEvgLUE2MvNTSr9mGRo6zvL2M2Jng132sDCP4411FHZ,0.001,SIM-5f355854-1768895121,SIM-5f355854-1768914262,2026-01-20T13:04:22.722822
9f7e418b,5mEvgLUE2MvNTSr9mGRo6zvL2M2Jng132sDCP4411FHZ,0.001,SIM-9f7e418b-1768895121,SIM-9f7e418b-1768914262,2026-01-20T13:04:22.722921
23df2814,5mEvgLUE2MvNTSr9mGRo6zvL2M2Jng132sDCP4411FHZ,0.001,SIM-23df2814-1768895121,SIM-23df2814-1768914262,2026-01-20T13:04:22.723018
bc0501e3,5mEvgLUE2MvNTSr9mGRo6zvL2M2Jng132sDCP4411FHZ,0.001,SIM-bc0501e3-1768895121,SIM-bc0501e3-1768914262,2026-01-20T13:04:22.723114
eb3ed41f,5mEvgLUE2MvNTSr9mGRo6zvL2M2Jng132sDCP4411FHZ,0.001,SIM-eb3ed41f-1768895121,SIM-eb3ed41f-1768914262,2026-01-20T13:04:22.723212
24ea9830,5mEvgLUE2MvNTSr9mGRo6zvL2M2Jng132sDCP4411FHZ,0.001,SIM-24ea9830-1768895121,SIM-24ea9830-1768914262,2026-01-20T13:04:22.723309
82244234,5mEvgLUE2MvNTSr9mGRo6zvL2M2Jng132sDCP4411FHZ,0.001,SIM-82244234-1768895121,SIM-82244234-1768914262,2026-01-20T13:04:22.723405
4c906cc4,5mEvgLUE2MvNTSr9mGRo6zvL2M2Jng132sDCP4411FHZ,0.001,SIM-4c906cc4-1768895121,SIM-4c906cc4-1768914262,2026-01-20T13:04:22.723498
5967c9e1,5mEvgLUE2MvNTSr9mGRo6zvL2M2Jng132sDCP4411FHZ,0.001,SIM-5967c9e1-1768895121,SIM-5967c9e1-1768914262,2026-01-20T13:04:22.723592
79ff90fa,5mEvgLUE2MvNTSr9mGRo6zvL2M2Jng132sDCP4411FHZ,0.001,SIM-79ff90fa-1768895121,SIM-79ff90fa-1768914262,2026-01-20T13:04:22.723687
fc3c13f1,5mEvgLUE2MvNTSr9mGRo6zvL2M2Jng132sDCP4411FHZ,0.001,SIM-fc3c13f1-1768895121,SIM-fc3c13f1-1768914262,2026-01-20T13:04:22.723783
4ea023d4,5mEvgLUE2MvNTSr9mGRo6zvL2M2Jng132sDCP4411FHZ,0.001,SIM-4ea023d4-1768895121,SIM-4ea023d4-1768914262,2026-01-20T13:04:22.723878
e5d6c437,5mEvgLUE2MvNTSr9mGRo6zvL2M2Jng132sDCP4411FHZ,0.001,SIM-e5d6c437-1768895121,SIM-e5d6c437-1768914262,2026-01-20T13:04:22.723974
d759694c,5mEvgLUE2MvNTSr9mGRo6zvL2M2Jng132sDCP4411FHZ,0.001,SIM-d759694c-1768895121,SIM-d759694c-1768914262,2026-01-20T13:04:22.724070
bd63efb6,5mEvgLUE2MvNTSr9mGRo6zvL2M2Jng132sDCP4411FHZ,0.001,SIM-bd63efb6-1768895121,SIM-bd63efb6-1768914262,2026-01-20T13:04:22.724165
4dac9c90,5mEvgLUE2MvNTSr9mGRo6zvL2M2Jng132sDCP4411FHZ,0.001,SIM-4dac9c90-1768895121,SIM-4dac9c90-1768914262,2026-01-20T13:04:22.724260
d8ef98dd,5mEvgLUE2MvNTSr9mGRo6zvL2M2Jng132sDCP4411FHZ,0.001,SIM-d8ef98dd-1768895121,SIM-d8ef98dd-1768914262,2026-01-20T13:04:22.724356
1d445ff8,5mEvgLUE2MvNTSr9mGRo6zvL2M2Jng132sDCP4411FHZ,0.001,SIM-1d445ff8-1768895121,SIM-1d445ff8-1768914262,2026-01-20T13:04:22.724450
16dc6b69,5mEvgLUE2MvNTSr9mGRo6zvL2M2Jng132sDCP4411FHZ,0.001,SIM-16dc6b69-1768895121,SIM-16dc6b69-1768914262,2026-01-20T13:04:22.724545
64664165,5mEvgLUE2MvNTSr9mGRo6zvL2M2Jng132sDCP4411FHZ,0.001,SIM-64664165-1768895121,SIM-64664165-1768914262,2026-01-20T13:04:22.724654
00f21425,5mEvgLUE2MvNTSr9mGRo6zvL2M2Jng132sDCP4411FHZ,0.001,SIM-00f21425-1768895121,SIM-00f21425-1768914262,2026-01-20T13:04:22.724754
9b63db12,5mEvgLUE2MvNTSr9mGRo6zvL2M2Jng132sDCP4411FHZ,0.001,SIM-9b63db12-1768895121,SIM-9b63db12-1768914262,2026-01-20T13:04:22.724848
cce67976,5mEvgLUE2MvNTSr9mGRo6zvL2M2Jng132sDCP4411FHZ,0.001,SIM-cce67976-1768895121,SIM-cce67976-1768914262,2026-01-20T13:04:22.724944
4e75e896,5mEvgLUE2MvNTSr9mGRo6zvL2M2Jng132sDCP4411FHZ,0.001,SIM-4e75e896-1768895121,SIM-4e75e896-1768914262,2026-01-20T13:04:22.725041
ac396449,5mEvgLUE2MvNTSr9mGRo6zvL2M2Jng132sDCP4411FHZ,0.001,SIM-ac396449-1768895121,SIM-ac396449-1768914262,2026-01-20T13:04:22.725134
6e6c7871,5mEvgLUE2MvNTSr9mGRo6zvL2M2Jng132sDCP4411FHZ,0.001,SIM-6e6c7871-1768895121,SIM-6e6c7871-1768914262,2026-01-20T13:04:22.725246
15fde0ae,5mEvgLUE2MvNTSr9mGRo6zvL2M2Jng132sDCP4411FHZ,0.001,SIM-15fde0ae-1768895121,SIM-15fde0ae-1768914262,2026-01-20T13:04:22.725345
7ad53173,5mEvgLUE2MvNTSr9mGRo6zvL2M2Jng132sDCP4411FHZ,0.001,SIM-7ad53173-1768895121,SIM-7ad53173-1768914262,2026-01-20T13:04:22.725440
badc7983,5mEvgLUE2MvNTSr9mGRo6zvL2M2Jng132sDCP4411FHZ,0.001,SIM-badc7983-1768895121,SIM-badc7983-1768914262,2026-01-20T13:04:22.725534
36c732a3,5mEvgLUE2MvNTSr9mGRo6zvL2M2Jng132sDCP4411FHZ,0.001,SIM-36c732a3-1768895121,SIM-36c732a3-1768914262,2026-01-20T13:04:22.725626
dabfc1a1,5mEvgLUE2MvNTSr9mGRo6zvL2M2Jng132sDCP4411FHZ,0.001,SIM-dabfc1a1-1768895121,SIM-dabfc1a1-1768914262,2026-01-20T13:04:22.725719
0375702d,5mEvgLUE2MvNTSr9mGRo6zvL2M2Jng132sDCP4411FHZ,0.001,SIM-0375702d-1768895121,SIM-0375702d-1768914262,2026-01-20T13:04:22.725812
8a73b646,5mEvgLUE2MvNTSr9mGRo6zvL2M2Jng132sDCP4411FHZ,0.001,SIM-8a73b646-1768895121,SIM-8a73b646-1768914262,2026-01-20T13:04:22.725906
68a782b2,5mEvgLUE2MvNTSr9mGRo6zvL2M2Jng132sDCP4411FHZ,0.001,SIM-68a782b2-1768895121,SIM-68a782b2-1768914262,2026-01-20T13:04:22.725998
51aeb3a5,5mEvgLUE2MvNTSr9mGRo6zvL2M2Jng132sDCP4411FHZ,0.001,SIM-51aeb3a5-1768895120,SIM-51aeb3a5-1768914262,2026-01-20T13:04:22.726092
435f3028,5mEvgLUE2MvNTSr9mGRo6zvL2M2Jng132sDCP4411FHZ,0.001,SIM-435f3028-1768895120,SIM-435f3028-1768914262,2026-01-20T13:04:22.726185
98da6ff7,5mEvgLUE2MvNTSr9mGRo6zvL2M2Jng132sDCP4411FHZ,0.001,SIM-98da6ff7-1768895120,SIM-98da6ff7-1768914262,2026-01-20T13:04:22.726278
9875020c,5mEvgLUE2MvNTSr9mGRo6zvL2M2Jng132sDCP4411FHZ,0.001,SIM-9875020c-1768895120,SIM-9875020c-1768914262,2026-01-20T13:04:22.726370
cdf6366b,5mEvgLUE2MvNTSr9mGRo6zvL2M2Jng132sDCP4411FHZ,0.001,SIM-cdf6366b-1768895120,SIM-cdf6366b-1768914262,2026-01-20T13:04:22.726464
995765ae,5mEvgLUE2MvNTSr9mGRo6zvL2M2Jng132sDCP4411FHZ,0.001,SIM-995765ae-1768895120,SIM-995765ae-1768914262,2026-01-20T13:04:22.726563
f11969df,5mEvgLUE2MvNTSr9mGRo6zvL2M2Jng132sDCP4411FHZ,0.001,SIM-f11969df-1768895120,SIM-f11969df-1768914262,2026-01-20T13:04:22.726661
6d3f325c,5mEvgLUE2MvNTSr9mGRo6zvL2M2Jng132sDCP4411FHZ,0.001,SIM-6d3f325c-1768895120,SIM-6d3f325c-1768914262,2026-01-20T13:04:22.726755
b3436336,5mEvgLUE2MvNTSr9mGRo6zvL2M2Jng132sDCP4411FHZ,0.001,SIM-b3436336-1768895120,SIM-b3436336-1768914262,2026-01-20T13:04:22.726850
44e52d59,5mEvgLUE2MvNTSr9mGRo6zvL2M2Jng132sDCP4411FHZ,0.001,SIM-44e52d59-1768895120,SIM-44e52d59-1768914262,2026-01-20T13:04:22.726946
273560d3,5mEvgLUE2MvNTSr9mGRo6zvL2M2Jng132sDCP4411FHZ,0.001,SIM-273560d3-1768895120,SIM-273560d3-1768914262,2026-01-20T13:04:22.727055
ffbf3d8c,5mEvgLUE2MvNTSr9mGRo6zvL2M2Jng132sDCP4411FHZ,0.001,SIM-ffbf3d8c-1768895120,SIM-ffbf3d8c-1768914262,2026-01-20T13:04:22.727156
9a1538ec,5mEvgLUE2MvNTSr9mGRo6zvL2M2Jng132sDCP4411FHZ,0.001,SIM-9a1538ec-1768895120,SIM-9a1538ec-1768914262,2026-01-20T13:04:22.727254
4d70114f,5mEvgLUE2MvNTSr9mGRo6zvL2M2Jng132sDCP4411FHZ,0.001,SIM-4d70114f-1768895120,SIM-4d70114f-1768914262,2026-01-20T13:04:22.727350
fd22865f,5mEvgLUE2MvNTSr9mGRo6zvL2M2Jng132sDCP4411FHZ,0.001,SIM-fd22865f-1768895120,SIM-fd22865f-1768914262,2026-01-20T13:04:22.727445
a5bdc1ef,5mEvgLUE2MvNTSr9mGRo6zvL2M2Jng132sDCP4411FHZ,0.001,SIM-a5bdc1ef-1768895120,SIM-a5bdc1ef-1768914262,2026-01-20T13:04:22.727539
1e16d569,5mEvgLUE2MvNTSr9mGRo6zvL2M2Jng132sDCP4411FHZ,0.001,SIM-1e16d569-1768895120,SIM-1e16d569-1768914262,2026-01-20T13:04:22.727636
b2d3ea71,5mEvgLUE2MvNTSr9mGRo6zvL2M2Jng132sDCP4411FHZ,0.001,SIM-b2d3ea71-1768895120,SIM-b2d3ea71-1768914262,2026-01-20T13:04:22.727730
00af11b1,5mEvgLUE2MvNTSr9mGRo6zvL2M2Jng132sDCP4411FHZ,0.001,SIM-00af11b1-1768895120,SIM-00af11b1-1768914262,2026-01-20T13:04:22.727824
70d0a6a3,5mEvgLUE2MvNTSr9mGRo6zvL2M2Jng132sDCP4411FHZ,0.001,SIM-70d0a6a3-1768895120,SIM-70d0a6a3-1768914262,2026-01-20T13:04:22.727918
64c6dd2f,5mEvgLUE2MvNTSr9mGRo6zvL2M2Jng132sDCP4411FHZ,0.001,SIM-64c6dd2f-1768895120,SIM-64c6dd2f-1768914262,2026-01-20T13:04:22.728012
d1aed4c6,5mEvgLUE2MvNTSr9mGRo6zvL2M2Jng132sDCP4411FHZ,0.001,SIM-d1aed4c6-1768895120,SIM-d1aed4c6-1768914262,2026-01-20T13:04:22.728108
b124cc58,5mEvgLUE2MvNTSr9mGRo6zvL2M2Jng132sDCP4411FHZ,0.001,SIM-b124cc58-1768895120,SIM-b124cc58-1768914262,2026-01-20T13:04:22.728201
63319a00,5mEvgLUE2MvNTSr9mGRo6zvL2M2Jng132sDCP4411FHZ,0.001,SIM-63319a00-1768895120,SIM-63319a00-1768914262,2026-01-20T13:04:22.728294
e37f4335,5mEvgLUE2MvNTSr9mGRo6zvL2M2Jng132sDCP4411FHZ,0.001,SIM-e37f4335-1768895120,SIM-e37f4335-1768914262,2026-01-20T13:04:22.728452
21e502d3,5mEvgLUE2MvNTSr9mGRo6zvL2M2Jng132sDCP4411FHZ,0.001,SIM-21e502d3-1768895120,SIM-21e502d3-1768914262,2026-01-20T13:04:22.728552
21ae0395,5mEvgLUE2MvNTSr9mGRo6zvL2M2Jng132sDCP4411FHZ,0.001,SIM-21ae0395-1768895120,SIM-21ae0395-1768914262,2026-01-20T13:04:22.728648
ea10c4fc,5mEvgLUE2MvNTSr9mGRo6zvL2M2Jng132sDCP4411FHZ,0.001,SIM-ea10c4fc-1768895120,SIM-ea10c4fc-1768914262,2026-01-20T13:04:22.728746
1239aa82,5mEvgLUE2MvNTSr9mGRo6zvL2M2Jng132sDCP4411FHZ,0.001,SIM-1239aa82-1768895120,SIM-1239aa82-1768914262,2026-01-20T13:04:22.728841
d42591f3,5mEvgLUE2MvNTSr9mGRo6zvL2M2Jng132sDCP4411FHZ,0.001,SIM-d42591f3-1768895120,SIM-d42591f3-1768914262,2026-01-20T13:04:22.728936
97870d21,5mEvgLUE2MvNTSr9mGRo6zvL2M2Jng132sDCP4411FHZ,0.001,SIM-97870d21-1768895120,SIM-97870d21-1768914262,2026-01-20T13:04:22.729030
68694005,5mEvgLUE2MvNTSr9mGRo6zvL2M2Jng132sDCP4411FHZ,0.001,SIM-68694005-1768895120,SIM-68694005-1768914262,2026-01-20T13:04:22.729125
0056fa2e,5mEvgLUE2MvNTSr9mGRo6zvL2M2Jng132sDCP4411FHZ,0.001,SIM-0056fa2e-1768895120,SIM-0056fa2e-1768914262,2026-01-20T13:04:22.729244
e1035b55,5mEvgLUE2MvNTSr9mGRo6zvL2M2Jng132sDCP4411FHZ,0.001,SIM-e1035b55-1768895120,SIM-e1035b55-1768914262,2026-01-20T13:04:22.729348
b600badc,5mEvgLUE2MvNTSr9mGRo6zvL2M2Jng132sDCP4411FHZ,0.001,SIM-b600badc-1768895120,SIM-b600badc-1768914262,2026-01-20T13:04:22.729446
ddda6c45,5mEvgLUE2MvNTSr9mGRo6zvL2M2Jng132sDCP4411FHZ,0.001,SIM-ddda6c45-1768895120,SIM-ddda6c45-1768914262,2026-01-20T13:04:22.729555
29900f68,5mEvgLUE2MvNTSr9mGRo6zvL2M2Jng132sDCP4411FHZ,0.001,SIM-29900f68-1768895120,SIM-29900f68-1768914262,2026-01-20T13:04:22.729654
9955209b,5mEvgLUE2MvNTSr9mGRo6zvL2M2Jng132sDCP4411FHZ,0.001,SIM-9955209b-1768895120,SIM-9955209b-1768914262,2026-01-20T13:04:22.729749
937f089a,5mEvgLUE2MvNTSr9mGRo6zvL2M2Jng132sDCP4411FHZ,0.001,SIM-937f089a-1768895120,SIM-937f089a-1768914262,2026-01-20T13:04:22.729842
d94d8216,5mEvgLUE2MvNTSr9mGRo6zvL2M2Jng132sDCP4411FHZ,0.001,SIM-d94d8216-1768895120,SIM-d94d8216-1768914262,2026-01-20T13:04:22.729935
610742f6,5mEvgLUE2MvNTSr9mGRo6zvL2M2Jng132sDCP4411FHZ,0.001,SIM-610742f6-1768895120,SIM-610742f6-1768914262,2026-01-20T13:04:22.730030
4d3d9d7c,5mEvgLUE2MvNTSr9mGRo6zvL2M2Jng132sDCP4411FHZ,0.001,SIM-4d3d9d7c-1768895120,SIM-4d3d9d7c-1768914262,2026-01-20T13:04:22.730123
11124eb9,5mEvgLUE2MvNTSr9mGRo6zvL2M2Jng132sDCP4411FHZ,0.001,SIM-11124eb9-1768895120,SIM-11124eb9-1768914262,2026-01-20T13:04:22.730217
c691c157,5mEvgLUE2MvNTSr9mGRo6zvL2M2Jng132sDCP4411FHZ,0.001,SIM-c691c157-1768895120,SIM-c691c157-1768914262,2026-01-20T13:04:22.730313
ade11771,5mEvgLUE2MvNTSr9mGRo6zvL2M2Jng132sDCP4411FHZ,0.001,SIM-ade11771-1768895120,SIM-ade11771-1768914262,2026-01-20T13:04:22.730408
7225311d,5mEvgLUE2MvNTSr9mGRo6zvL2M2Jng132sDCP4411FHZ,0.001,SIM-7225311d-1768895120,SIM-7225311d-1768914262,2026-01-20T13:04:22.730506
80512f59,5mEvgLUE2MvNTSr9mGRo6zvL2M2Jng132sDCP4411FHZ,0.001,SIM-80512f59-1768895120,SIM-80512f59-1768914262,2026-01-20T13:04:22.730602
ed6f9ded,5mEvgLUE2MvNTSr9mGRo6zvL2M2Jng132sDCP4411FHZ,0.001,SIM-ed6f9ded-1768895120,SIM-ed6f9ded-1768914262,2026-01-20T13:04:22.730697
7c855883,5mEvgLUE2MvNTSr9mGRo6zvL2M2Jng132sDCP4411FHZ,0.001,SIM-7c855883-1768895120,SIM-7c855883-1768914262,2026-01-20T13:04:22.730793
ad35c3bb,5mEvgLUE2MvNTSr9mGRo6zvL2M2Jng132sDCP4411FHZ,0.001,SIM-ad35c3bb-1768895120,SIM-ad35c3bb-1768914262,2026-01-20T13:04:22.730890
5cef133a,5mEvgLUE2MvNTSr9mGRo6zvL2M2Jng132sDCP4411FHZ,0.001,SIM-5cef133a-1768895120,SIM-5cef133a-1768914262,2026-01-20T13:04:22.730985
533cf3e8,5mEvgLUE2MvNTSr9mGRo6zvL2M2Jng132sDCP4411FHZ,0.001,SIM-533cf3e8-1768895120,SIM-533cf3e8-1768914262,2026-01-20T13:04:22.731080
18a6138d,5mEvgLUE2MvNTSr9mGRo6zvL2M2Jng132sDCP4411FHZ,0.001,SIM-18a6138d-1768895120,SIM-18a6138d-1768914262,2026-01-20T13:04:22.731173
59fabfd1,5mEvgLUE2MvNTSr9mGRo6zvL2M2Jng132sDCP4411FHZ,0.001,SIM-59fabfd1-1768895120,SIM-59fabfd1-1768914262,2026-01-20T13:04:22.731269
575cb2a6,5mEvgLUE2MvNTSr9mGRo6zvL2M2Jng132sDCP4411FHZ,0.001,SIM-575cb2a6-1768895120,SIM-575cb2a6-1768914262,2026-01-20T13:04:22.731363
9465a210,5mEvgLUE2MvNTSr9mGRo6zvL2M2Jng132sDCP4411FHZ,0.001,SIM-9465a210-1768895120,SIM-9465a210-1768914262,2026-01-20T13:04:22.731458
f05600a3,5mEvgLUE2MvNTSr9mGRo6zvL2M2Jng132sDCP4411FHZ,0.001,SIM-f05600a3-1768895120,SIM-f05600a3-1768914262,2026-01-20T13:04:22.731555
c41f0547,5mEvgLUE2MvNTSr9mGRo6zvL2M2Jng132sDCP4411FHZ,0.001,SIM-c41f0547-1768895120,SIM-c41f0547-1768914262,2026-01-20T13:04:22.731651
005682de,5mEvgLUE2MvNTSr9mGRo6zvL2M2Jng132sDCP4411FHZ,0.001,SIM-005682de-1768895120,SIM-005682de-1768914262,2026-01-20T13:04:22.731749
a7a664ea,5mEvgLUE2MvNTSr9mGRo6zvL2M2Jng132sDCP4411FHZ,0.001,SIM-a7a664ea-1768895120,SIM-a7a664ea-1768914262,2026-01-20T13:04:22.731856
ab22ff9c,5mEvgLUE2MvNTSr9mGRo6zvL2M2Jng132sDCP4411FHZ,0.001,SIM-ab22ff9c-1768895120,SIM-ab22ff9c-1768914262,2026-01-20T13:04:22.731951
d213a164,5mEvgLUE2MvNTSr9mGRo6zvL2M2Jng132sDCP4411FHZ,0.001,SIM-d213a164-1768895120,SIM-d213a164-1768914262,2026-01-20T13:04:22.732046
8d32ee42,5mEvgLUE2MvNTSr9mGRo6zvL2M2Jng132sDCP4411FHZ,0.001,SIM-8d32ee42-1768895120,SIM-8d32ee42-1768914262,2026-01-20T13:04:22.732140
d3f1bb7a,5mEvgLUE2MvNTSr9mGRo6zvL2M2Jng132sDCP4411FHZ,0.001,SIM-d3f1bb7a-1768895120,SIM-d3f1bb7a-1768914262,2026-01-20T13:04:22.732235
53d1dc43,5mEvgLUE2MvNTSr9mGRo6zvL2M2Jng132sDCP4411FHZ,0.001,SIM-53d1dc43-1768895120,SIM-53d1dc43-1768914262,2026-01-20T13:04:22.732330
03f68550,5mEvgLUE2MvNTSr9mGRo6zvL2M2Jng132sDCP4411FHZ,0.001,SIM-03f68550-1768895120,SIM-03f68550-1768914262,2026-01-20T13:04:22.732423
e3d368f4,5mEvgLUE2MvNTSr9mGRo6zvL2M2Jng132sDCP4411FHZ,0.001,SIM-e3d368f4-1768895120,SIM-e3d368f4-1768914262,2026-01-20T13:04:22.732517
089cc936,5mEvgLUE2MvNTSr9mGRo6zvL2M2Jng132sDCP4411FHZ,0.001,SIM-089cc936-1768895120,SIM-089cc936-1768914262,2026-01-20T13:04:22.732610
631d71a0,5mEvgLUE2MvNTSr9mGRo6zvL2M2Jng132sDCP4411FHZ,0.001,SIM-631d71a0-1768895119,SIM-631d71a0-1768914262,2026-01-20T13:04:22.732700
67f13f61,5mEvgLUE2MvNTSr9mGRo6zvL2M2Jng132sDCP4411FHZ,0.001,SIM-67f13f61-1768895119,SIM-67f13f61-1768914262,2026-01-20T13:04:22.732792
64fdf6a3,5mEvgLUE2MvNTSr9mGRo6zvL2M2Jng132sDCP4411FHZ,0.001,SIM-64fdf6a3-1768895119,SIM-64fdf6a3-1768914262,2026-01-20T13:04:22.732885
751e98dd,5mEvgLUE2MvNTSr9mGRo6zvL2M2Jng132sDCP4411FHZ,0.001,SIM-751e98dd-1768895119,SIM-751e98dd-1768914262,2026-01-20T13:04:22.732976
13b885a4,5mEvgLUE2MvNTSr9mGRo6zvL2M2Jng132sDCP4411FHZ,0.001,SIM-13b885a4-1768895119,SIM-13b885a4-1768914262,2026-01-20T13:04:22.733070
0e9cadbf,5mEvgLUE2MvNTSr9mGRo6zvL2M2Jng132sDCP4411FHZ,0.001,SIM-0e9cadbf-1768895119,SIM-0e9cadbf-1768914262,2026-01-20T13:04:22.733163
b315dcf7,5mEvgLUE2MvNTSr9mGRo6zvL2M2Jng132sDCP4411FHZ,0.001,SIM-b315dcf7-1768895119,SIM-b315dcf7-1768914262,2026-01-20T13:04:22.733277
4ca6f143,5mEvgLUE2MvNTSr9mGRo6zvL2M2Jng132sDCP4411FHZ,0.001,SIM-4ca6f143-1768895119,SIM-4ca6f143-1768914262,2026-01-20T13:04:22.733373
3a58bdb8,5mEvgLUE2MvNTSr9mGRo6zvL2M2Jng132sDCP4411FHZ,0.001,SIM-3a58bdb8-1768895119,SIM-3a58bdb8-1768914262,2026-01-20T13:04:22.733470
c92c2c87,5mEvgLUE2MvNTSr9mGRo6zvL2M2Jng132sDCP4411FHZ,0.001,SIM-c92c2c87-1768895119,SIM-c92c2c87-1768914262,2026-01-20T13:04:22.733564
b3cdb3ab,5mEvgLUE2MvNTSr9mGRo6zvL2M2Jng132sDCP4411FHZ,0.001,SIM-b3cdb3ab-1768895119,SIM-b3cdb3ab-1768914262,2026-01-20T13:04:22.733656
bc38c724,5mEvgLUE2MvNTSr9mGRo6zvL2M2Jng132sDCP4411FHZ,0.001,SIM-bc38c724-1768895119,SIM-bc38c724-1768914262,2026-01-20T13:04:22.733748
0ed712c2,5mEvgLUE2MvNTSr9mGRo6zvL2M2Jng132sDCP4411FHZ,0.001,SIM-0ed712c2-1768895119,SIM-0ed712c2-1768914262,2026-01-20T13:04:22.733842
d7e9b85e,5mEvgLUE2MvNTSr9mGRo6zvL2M2Jng132sDCP4411FHZ,0.001,SIM-d7e9b85e-1768895119,SIM-d7e9b85e-1768914262,2026-01-20T13:04:22.733937
2cc6620d,5mEvgLUE2MvNTSr9mGRo6zvL2M2Jng132sDCP4411FHZ,0.001,SIM-2cc6620d-1768895119,SIM-2cc6620d-1768914262,2026-01-20T13:04:22.734030
03558fe5,5mEvgLUE2MvNTSr9mGRo6zvL2M2Jng132sDCP4411FHZ,0.001,SIM-03558fe5-1768895119,SIM-03558fe5-1768914262,2026-01-20T13:04:22.734124
f20f8a3a,5mEvgLUE2MvNTSr9mGRo6zvL2M2Jng132sDCP4411FHZ,0.001,SIM-f20f8a3a-1768895119,SIM-f20f8a3a-1768914262,2026-01-20T13:04:22.734271
ddbc2fd0,5mEvgLUE2MvNTSr9mGRo6zvL2M2Jng132sDCP4411FHZ,0.001,SIM-ddbc2fd0-1768895119,SIM-ddbc2fd0-1768914262,2026-01-20T13:04:22.734373
895c4a80,5mEvgLUE2MvNTSr9mGRo6zvL2M2Jng132sDCP4411FHZ,0.001,SIM-895c4a80-1768895119,SIM-895c4a80-1768914262,2026-01-20T13:04:22.734470
6529d30d,5mEvgLUE2MvNTSr9mGRo6zvL2M2Jng132sDCP4411FHZ,0.001,SIM-6529d30d-1768895119,SIM-6529d30d-1768914262,2026-01-20T13:04:22.734564
fad7bd02,5mEvgLUE2MvNTSr9mGRo6zvL2M2Jng132sDCP4411FHZ,0.001,SIM-fad7bd02-1768895119,SIM-fad7bd02-1768914262,2026-01-20T13:04:22.734657
c9a96d00,5mEvgLUE2MvNTSr9mGRo6zvL2M2Jng132sDCP4411FHZ,0.001,SIM-c9a96d00-1768895119,SIM-c9a96d00-1768914262,2026-01-20T13:04:22.734749
2db3844e,5mEvgLUE2MvNTSr9mGRo6zvL2M2Jng132sDCP4411FHZ,0.001,SIM-2db3844e-1768895119,SIM-2db3844e-1768914262,2026-01-20T13:04:22.734843
f148cde8,5mEvgLUE2MvNTSr9mGRo6zvL2M2Jng132sDCP4411FHZ,0.001,SIM-f148cde8-1768895119,SIM-f148cde8-1768914262,2026-01-20T13:04:22.734936
24746f18,5mEvgLUE2MvNTSr9mGRo6zvL2M2Jng132sDCP4411FHZ,0.001,SIM-24746f18-1768895119,SIM-24746f18-1768914262,2026-01-20T13:04:22.735027
8ab28876,5mEvgLUE2MvNTSr9mGRo6zvL2M2Jng132sDCP4411FHZ,0.001,SIM-8ab28876-1768895119,SIM-8ab28876-1768914262,2026-01-20T13:04:22.735123
02d2a186,5mEvgLUE2MvNTSr9mGRo6zvL2M2Jng132sDCP4411FHZ,0.001,SIM-02d2a186-1768895119,SIM-02d2a186-1768914262,2026-01-20T13:04:22.735218
be84ff35,5mEvgLUE2MvNTSr9mGRo6zvL2M2Jng132sDCP4411FHZ,0.001,SIM-be84ff35-1768895119,SIM-be84ff35-1768914262,2026-01-20T13:04:22.735312
0c91641c,5mEvgLUE2MvNTSr9mGRo6zvL2M2Jng132sDCP4411FHZ,0.001,SIM-0c91641c-1768895119,SIM-0c91641c-1768914262,2026-01-20T13:04:22.735407
fe6ab457,5mEvgLUE2MvNTSr9mGRo6zvL2M2Jng132sDCP4411FHZ,0.001,SIM-fe6ab457-1768895119,SIM-fe6ab457-1768914262,2026-01-20T13:04:22.735502
2411edd6,5mEvgLUE2MvNTSr9mGRo6zvL2M2Jng132sDCP4411FHZ,0.001,SIM-2411edd6-1768895119,SIM-2411edd6-1768914262,2026-01-20T13:04:22.735593
7fb454ad,5mEvgLUE2MvNTSr9mGRo6zvL2M2Jng132sDCP4411FHZ,0.001,SIM-7fb454ad-1768895119,SIM-7fb454ad-1768914262,2026-01-20T13:04:22.735688
05de8922,5mEvgLUE2MvNTSr9mGRo6zvL2M2Jng132sDCP4411FHZ,0.001,SIM-05de8922-1768895119,SIM-05de8922-1768914262,2026-01-20T13:04:22.735781
74e4b1ab,5mEvgLUE2MvNTSr9mGRo6zvL2M2Jng132sDCP4411FHZ,0.001,SIM-74e4b1ab-1768895119,SIM-74e4b1ab-1768914262,2026-01-20T13:04:22.735873
0ebbf0b7,5mEvgLUE2MvNTSr9mGRo6zvL2M2Jng132sDCP4411FHZ,0.001,SIM-0ebbf0b7-1768895119,SIM-0ebbf0b7-1768914262,2026-01-20T13:04:22.735968
40c0db5b,5mEvgLUE2MvNTSr9mGRo6zvL2M2Jng132sDCP4411FHZ,0.001,SIM-40c0db5b-1768895119,SIM-40c0db5b-1768914262,2026-01-20T13:04:22.736061
